{
  "name": "fine-uploader",
  "version": "5.13.0",
  "author": "Widen Enterprises, Inc.",
  "description": "A official bower build for FineUploader/fine-uploader",
  "license": "https://raw.githubusercontent.com/FineUploader/fine-uploader/master/LICENSE",
  "keywords": [
    "amazon",
    "api",
    "aws",
    "azure",
    "chunk",
    "chunking",
    "cross-domain",
    "cross-site",
    "drag",
    "drop",
    "file",
    "file-input",
    "file-uploader",
    "input",
    "jquery",
    "jquery-plugin",
    "multiple",
    "preview",
    "progress",
    "resume",
    "s3",
    "selection",
    "upload",
    "widget"
  ],
  "repository": {
    "type": "git",
    "url": "git://github.com/FineUploader/bower-dist.git"
  },
  "main": [
    "dist/"
  ],
  "ignore": [
    ".*",
    "build.sh",
    "src"
  ],
  "homepage": "https://github.com/FineUploader/bower-dist",
  "_release": "5.13.0",
  "_resolution": {
    "type": "version",
    "tag": "5.13.0",
    "commit": "0edcb461548b73bc211427284aaeed4c1dd451b6"
  },
  "_source": "https://github.com/FineUploader/bower-dist.git",
  "_target": "^5.11.7",
  "_originalSource": "fine-uploader"
}