{
  "name": "s3-image-uploader",
  "version": "1.3.0",
  "description": "JavaScript Image Uploader Library for use with Amazon S3",
  "license": "MIT",
  "authors": [
    "Sinan Bolel <sinanbolel@gmail.com>"
  ],
  "repository": {
    "type": "git",
    "url": "https://github.com/sbolel/image-uploader"
  },
  "keywords": [
    "image",
    "file",
    "upload",
    "aws",
    "s3"
  ],
  "main": "src/image-uploader.js",
  "ignore": [
    "**/.*",
    "node_modules",
    "bower_components",
    "test",
    "tests",
    "Gruntfile.js",
    ".es*"
  ],
  "homepage": "https://github.com/sbolel/image-uploader",
  "_release": "1.3.0",
  "_resolution": {
    "type": "version",
    "tag": "v1.3.0",
    "commit": "7ddb9ef0029e577b81d88d6e4379687895cf64f3"
  },
  "_source": "https://github.com/sbolel/image-uploader.git",
  "_target": "~1.3.0",
  "_originalSource": "s3-image-uploader"
}