﻿[{"DDDParent":21,"PhoneParent":982008200,"NameParent":"Márcio Franco","IdPerson":1},{"DDDParent":null,"PhoneParent":null,"NameParent":null,"IdPerson":4227},{"DDDParent":null,"PhoneParent":null,"NameParent":null,"IdPerson":4229},{"DDDParent":21,"PhoneParent":982008200,"NameParent":"Marcio Franco","IdPerson":4140},{"DDDParent":21,"PhoneParent":982220888,"NameParent":"Erika Soares","IdPerson":30},{"DDDParent":21,"PhoneParent":999985506,"NameParent":"Luisinho","IdPerson":4170},{"DDDParent":21,"PhoneParent":982008200,"NameParent":"Marcio Franco","IdPerson":4159},{"DDDParent":21,"PhoneParent":991050118,"NameParent":"Flavia Habergric","IdPerson":4090},{"DDDParent":21,"PhoneParent":991050118,"NameParent":"Flavia Habergric","IdPerson":4087},{"DDDParent":21,"PhoneParent":982008200,"NameParent":"Marcio Franco","IdPerson":4163},{"DDDParent":21,"PhoneParent":982008200,"NameParent":"Marcio Franco","IdPerson":4181},{"DDDParent":21,"PhoneParent":982857984,"NameParent":"Luciano Sacramento","IdPerson":4124},{"DDDParent":21,"PhoneParent":971814223,"NameParent":"Nathalia","IdPerson":4191},{"DDDParent":21,"PhoneParent":982008200,"NameParent":"Marcio Franco","IdPerson":4151},{"DDDParent":21,"PhoneParent":994578789,"NameParent":"Bernardo Albuquerque","IdPerson":25},{"DDDParent":21,"PhoneParent":998910537,"NameParent":"Luciano Sacramento 21 99891-0537","IdPerson":4171},{"DDDParent":21,"PhoneParent":982008200,"NameParent":"Marcio Franco","IdPerson":4178},{"DDDParent":21,"PhoneParent":991050118,"NameParent":"Flavia Habergric","IdPerson":4169},{"DDDParent":21,"PhoneParent":968887778,"NameParent":"Marinete da costa barreto","IdPerson":5},{"DDDParent":21,"PhoneParent":968887778,"NameParent":"Marinete da costa barreto","IdPerson":6},{"DDDParent":21,"PhoneParent":992189117,"NameParent":"Marcio da Rocha Lima JR","IdPerson":9},{"DDDParent":21,"PhoneParent":976368305,"NameParent":"Caio Pessoa","IdPerson":10},{"DDDParent":21,"PhoneParent":991482309,"NameParent":"Marina da Costa Barreto Avelar Soares","IdPerson":11},{"DDDParent":21,"PhoneParent":982008200,"NameParent":"Marcio Franco","IdPerson":4085},{"DDDParent":21,"PhoneParent":982008200,"NameParent":"Marcio Franco","IdPerson":36},{"DDDParent":21,"PhoneParent":972011741,"NameParent":"Claudia","IdPerson":4175},{"DDDParent":21,"PhoneParent":982008200,"NameParent":"Marcio Franco","IdPerson":4073},{"DDDParent":21,"PhoneParent":976750491,"NameParent":"CAIO PESSOA FLORIAO SOARES","IdPerson":18},{"DDDParent":21,"PhoneParent":982008200,"NameParent":"Marcio Franco","IdPerson":4115},{"DDDParent":21,"PhoneParent":972156313,"NameParent":"Sérgio Alexandre de Oliveira","IdPerson":4203},{"DDDParent":21,"PhoneParent":982008200,"NameParent":"Marcio Franco","IdPerson":31},{"DDDParent":21,"PhoneParent":982008200,"NameParent":"Marcio Franco","IdPerson":4230},{"DDDParent":21,"PhoneParent":982008200,"NameParent":"Marcio Franco","IdPerson":4208},{"DDDParent":21,"PhoneParent":992189117,"NameParent":"Marcio da Rocha Lima JR","IdPerson":4145},{"DDDParent":21,"PhoneParent":982008200,"NameParent":"teste","IdPerson":4231},{"DDDParent":21,"PhoneParent":982008200,"NameParent":"Marcio Franco","IdPerson":4158},{"DDDParent":21,"PhoneParent":968887778,"NameParent":"Marinete da Costa Barreto","IdPerson":4197},{"DDDParent":21,"PhoneParent":982857984,"NameParent":"Luciano Sacramento do Carmo","IdPerson":4088},{"DDDParent":21,"PhoneParent":981408140,"NameParent":"Izaides Salim Junior Buga","IdPerson":4126},{"DDDParent":21,"PhoneParent":982008200,"NameParent":"Marcio Franco","IdPerson":4221},{"DDDParent":21,"PhoneParent":991050118,"NameParent":"Flavia Luiza Garcia Habergric","IdPerson":4192},{"DDDParent":21,"PhoneParent":982220888,"NameParent":"Erika Soares Franco","IdPerson":4206},{"DDDParent":21,"PhoneParent":980041055,"NameParent":"Alexandre Goncalves Correa","IdPerson":4199},{"DDDParent":21,"PhoneParent":982008200,"NameParent":"Marcio Franco","IdPerson":4164},{"DDDParent":21,"PhoneParent":982008200,"NameParent":"Marcio Franco","IdPerson":12},{"DDDParent":21,"PhoneParent":982008200,"NameParent":"Marcio Franco","IdPerson":13},{"DDDParent":21,"PhoneParent":967398305,"NameParent":"Kazuo kosaka kajishima","IdPerson":14},{"DDDParent":21,"PhoneParent":980041055,"NameParent":"Alexandre Goncalves Correa","IdPerson":15},{"DDDParent":21,"PhoneParent":967001912,"NameParent":"Élenfe Gomes da Silva","IdPerson":16},{"DDDParent":21,"PhoneParent":976750491,"NameParent":"CAIO PESSOA FLORIAO SOARES","IdPerson":19},{"DDDParent":21,"PhoneParent":988883080,"NameParent":"Pedro Calderari Manso Bruno - Bambam","IdPerson":20},{"DDDParent":21,"PhoneParent":982008200,"NameParent":"Marcio Franco","IdPerson":21},{"DDDParent":21,"PhoneParent":988060012,"NameParent":"Taysa Gargiulo Pereira","IdPerson":22},{"DDDParent":21,"PhoneParent":999432706,"NameParent":"(21) 98806-0012","IdPerson":23},{"DDDParent":21,"PhoneParent":988883080,"NameParent":"Pedro Calderari Manso Bruno - Bambam","IdPerson":4110},{"DDDParent":21,"PhoneParent":974949774,"NameParent":"Rodrigo Rodrigues Tiraboschi","IdPerson":24},{"DDDParent":21,"PhoneParent":982008200,"NameParent":"Combat","IdPerson":26},{"DDDParent":21,"PhoneParent":968887778,"NameParent":"Marinete da Costa Barreto","IdPerson":27},{"DDDParent":21,"PhoneParent":999229799,"NameParent":"Nestor Baptista pinheiro","IdPerson":28},{"DDDParent":21,"PhoneParent":999985506,"NameParent":"Jose Luis Pereira da Silva Luisinho","IdPerson":29},{"DDDParent":21,"PhoneParent":982008200,"NameParent":"Marcio Franco","IdPerson":32},{"DDDParent":21,"PhoneParent":982008200,"NameParent":"Marcio Franco","IdPerson":33},{"DDDParent":21,"PhoneParent":982008200,"NameParent":"Marcio Franco","IdPerson":34},{"DDDParent":21,"PhoneParent":982008200,"NameParent":"Marcio Franco","IdPerson":35},{"DDDParent":21,"PhoneParent":982008200,"NameParent":"Marcio Franco","IdPerson":4070},{"DDDParent":21,"PhoneParent":928008200,"NameParent":"Marcio Franco","IdPerson":4071},{"DDDParent":21,"PhoneParent":999229799,"NameParent":"Nestor Baptista Pinheiro","IdPerson":4074},{"DDDParent":21,"PhoneParent":999229799,"NameParent":"Nestor Baptista pinheiro","IdPerson":4075},{"DDDParent":21,"PhoneParent":982008200,"NameParent":"Marcio Franco","IdPerson":4077},{"DDDParent":21,"PhoneParent":982008200,"NameParent":"Marcio Franco","IdPerson":4078},{"DDDParent":21,"PhoneParent":982008200,"NameParent":"Marcio Franco","IdPerson":4079},{"DDDParent":21,"PhoneParent":982008200,"NameParent":"Marcio Franco","IdPerson":4080},{"DDDParent":21,"PhoneParent":982008200,"NameParent":"Marcio Franco","IdPerson":4082},{"DDDParent":21,"PhoneParent":972813650,"NameParent":"Kelly Santos","IdPerson":4092},{"DDDParent":21,"PhoneParent":972813650,"NameParent":"Kelly Santos","IdPerson":4093},{"DDDParent":21,"PhoneParent":991516151,"NameParent":"Cristiano Alves de Miranda","IdPerson":4089},{"DDDParent":21,"PhoneParent":982857984,"NameParent":"Luciano Sacramento do Carmo","IdPerson":4117},{"DDDParent":21,"PhoneParent":988883080,"NameParent":"Pedro Calderari Manso Bruno - Bambam","IdPerson":4094},{"DDDParent":21,"PhoneParent":982857984,"NameParent":"Luciano Sacramento do Carmo","IdPerson":4108},{"DDDParent":21,"PhoneParent":969929730,"NameParent":"Kelly Santos","IdPerson":4109},{"DDDParent":21,"PhoneParent":971728935,"NameParent":"Felipe Dos Santos Muratt","IdPerson":4096},{"DDDParent":21,"PhoneParent":995290182,"NameParent":"Daniela Cristina Montenegro Moura","IdPerson":4120},{"DDDParent":21,"PhoneParent":982857984,"NameParent":"Luciano Sacramento do Carmo","IdPerson":4121},{"DDDParent":21,"PhoneParent":982857984,"NameParent":"Luciano Sacramento do Carmo","IdPerson":4119},{"DDDParent":21,"PhoneParent":971814223,"NameParent":"Norimar Guerra Gonçalves","IdPerson":4122},{"DDDParent":21,"PhoneParent":982857984,"NameParent":"Luciano Sacramento do Carmo","IdPerson":4123},{"DDDParent":21,"PhoneParent":982857984,"NameParent":"Luciano Sacramento do Carmo","IdPerson":4125},{"DDDParent":21,"PhoneParent":982008200,"NameParent":"Marcio Franco","IdPerson":4168},{"DDDParent":21,"PhoneParent":968887778,"NameParent":"Marinete da Costa Barreto (PAI)","IdPerson":4136},{"DDDParent":21,"PhoneParent":982008200,"NameParent":"Marcio Franco","IdPerson":4148},{"DDDParent":21,"PhoneParent":982008200,"NameParent":"Marcio Franco","IdPerson":17},{"DDDParent":21,"PhoneParent":999985506,"NameParent":"Jose Luis Pereira da Silva Luisinho","IdPerson":4162},{"DDDParent":21,"PhoneParent":928008200,"NameParent":"Marcio Franco","IdPerson":4155},{"DDDParent":21,"PhoneParent":982857984,"NameParent":"Luciano Sacramento do Carmo","IdPerson":4156},{"DDDParent":21,"PhoneParent":982008200,"NameParent":"Marcio Franco","IdPerson":4153},{"DDDParent":21,"PhoneParent":982008200,"NameParent":"Marcio Franco","IdPerson":4166},{"DDDParent":21,"PhoneParent":982008200,"NameParent":"Marcio Franco","IdPerson":4172},{"DDDParent":21,"PhoneParent":969929730,"NameParent":"Kelly Santos","IdPerson":4173},{"DDDParent":21,"PhoneParent":972011741,"NameParent":"Claudia Aparecida da Silva Inacio","IdPerson":4174},{"DDDParent":21,"PhoneParent":972011741,"NameParent":"Claudia Aparecida da Silva Inacio","IdPerson":4176},{"DDDParent":21,"PhoneParent":982008200,"NameParent":"Marcio Franco","IdPerson":4177},{"DDDParent":21,"PhoneParent":982008200,"NameParent":"Marcio Franco","IdPerson":4183},{"DDDParent":21,"PhoneParent":999985506,"NameParent":"Jose Luis Pereira da Silva Luisinho","IdPerson":4184},{"DDDParent":21,"PhoneParent":991394984,"NameParent":"Lúcia Maria Floriao dos santos","IdPerson":4186},{"DDDParent":21,"PhoneParent":982008200,"NameParent":"Marcio Franco","IdPerson":4187},{"DDDParent":21,"PhoneParent":982008200,"NameParent":"Marcio Franco","IdPerson":4188},{"DDDParent":21,"PhoneParent":992189117,"NameParent":"Marcio da Rocha Lima JR","IdPerson":4189},{"DDDParent":21,"PhoneParent":982008200,"NameParent":"Marcio Franco","IdPerson":4190},{"DDDParent":21,"PhoneParent":982008200,"NameParent":"Marcio Franco","IdPerson":4193},{"DDDParent":21,"PhoneParent":982008200,"NameParent":"Marcio Franco","IdPerson":4198},{"DDDParent":21,"PhoneParent":21311801,"NameParent":"Foneclube","IdPerson":4201},{"DDDParent":21,"PhoneParent":982857984,"NameParent":"Luciano Sacramento do Carmo","IdPerson":4209},{"DDDParent":21,"PhoneParent":982008200,"NameParent":"Marcio Franco","IdPerson":4210},{"DDDParent":21,"PhoneParent":21311801,"NameParent":"Foneclube","IdPerson":4212},{"DDDParent":21,"PhoneParent":982008200,"NameParent":"Marcio Franco","IdPerson":4218},{"DDDParent":21,"PhoneParent":972598382,"NameParent":"Anderson Guedes Silva","IdPerson":4223},{"DDDParent":21,"PhoneParent":982008200,"NameParent":"Marcio Franco","IdPerson":37},{"DDDParent":21,"PhoneParent":982008200,"NameParent":"Marcio Franco","IdPerson":4065},{"DDDParent":21,"PhoneParent":982008200,"NameParent":"Marcio Franco","IdPerson":4066},{"DDDParent":21,"PhoneParent":982008200,"NameParent":"Marcio Franco","IdPerson":4068},{"DDDParent":21,"PhoneParent":975004581,"NameParent":"Rodrigo Pires","IdPerson":4069},{"DDDParent":21,"PhoneParent":976750491,"NameParent":"CAIO PESSOA FLORIAO SOARES","IdPerson":4098},{"DDDParent":21,"PhoneParent":976750491,"NameParent":"CAIO PESSOA FLORIAO SOARES","IdPerson":4100},{"DDDParent":21,"PhoneParent":969929730,"NameParent":"Kelly Santos","IdPerson":4103},{"DDDParent":21,"PhoneParent":976750491,"NameParent":"CAIO PESSOA FLORIAO SOARES","IdPerson":4105},{"DDDParent":21,"PhoneParent":975996578,"NameParent":"Daniel dos santos Veríssimo","IdPerson":4106},{"DDDParent":21,"PhoneParent":982857984,"NameParent":"Luciano Sacramento do Carmo","IdPerson":4107},{"DDDParent":21,"PhoneParent":999879370,"NameParent":"Cleber H F Simony Bambam","IdPerson":4111},{"DDDParent":21,"PhoneParent":982857984,"NameParent":"Luciano Sacramento do Carmo","IdPerson":4112},{"DDDParent":21,"PhoneParent":971814223,"NameParent":"Norimar Guerra Gonçalves","IdPerson":4113},{"DDDParent":21,"PhoneParent":982857984,"NameParent":"Luciano Sacramento do Carmo","IdPerson":4116},{"DDDParent":21,"PhoneParent":982008200,"NameParent":"Marcio Franco","IdPerson":4152},{"DDDParent":21,"PhoneParent":982008200,"NameParent":"Marcio Franco","IdPerson":4165},{"DDDParent":21,"PhoneParent":992189117,"NameParent":"Marcio da Rocha Lima JR","IdPerson":4142},{"DDDParent":21,"PhoneParent":982008200,"NameParent":"Marcio Franco","IdPerson":4150},{"DDDParent":21,"PhoneParent":972046803,"NameParent":"Mayara dos Santos Coutinho Maiara","IdPerson":4167},{"DDDParent":21,"PhoneParent":982008200,"NameParent":"Marcio Franco","IdPerson":4202},{"DDDParent":21,"PhoneParent":995154722,"NameParent":"RICARDO HENRIQUE ABRANTES","IdPerson":4204},{"DDDParent":21,"PhoneParent":982220888,"NameParent":"Erika Soares Franco","IdPerson":4207},{"DDDParent":21,"PhoneParent":921311804,"NameParent":"Foneclube","IdPerson":4224},{"DDDParent":21,"PhoneParent":982008200,"NameParent":"Marcio Franco","IdPerson":4095},{"DDDParent":21,"PhoneParent":964245135,"NameParent":"Bruno Rodrigo Ferreira Torrao","IdPerson":4097},{"DDDParent":21,"PhoneParent":972046803,"NameParent":"Mayara dos Santos Coutinho Maiara","IdPerson":4101},{"DDDParent":21,"PhoneParent":982857984,"NameParent":"Luciano Sacramento do Carmo","IdPerson":4118},{"DDDParent":21,"PhoneParent":21311804,"NameParent":"Foneclube","IdPerson":4219},{"DDDParent":21,"PhoneParent":21311804,"NameParent":"Foneclube","IdPerson":4182},{"DDDParent":21,"PhoneParent":982008200,"NameParent":"Marcio Franco","IdPerson":4222},{"DDDParent":21,"PhoneParent":982008200,"NameParent":"Marcio Franco","IdPerson":4195},{"DDDParent":21,"PhoneParent":982008200,"NameParent":"Marcio Franco","IdPerson":4205},{"DDDParent":21,"PhoneParent":982008200,"NameParent":"Marcio Franco","IdPerson":4081},{"DDDParent":21,"PhoneParent":982008200,"NameParent":"Marcio Franco","IdPerson":4200},{"DDDParent":21,"PhoneParent":982008200,"NameParent":"Marcio Franco","IdPerson":4180},{"DDDParent":21,"PhoneParent":982008200,"NameParent":"Marcio Franco","IdPerson":4084},{"DDDParent":21,"PhoneParent":981567560,"NameParent":"Alexandra Gomes Fonseca","IdPerson":4220},{"DDDParent":21,"PhoneParent":982008200,"NameParent":"Marcio Franco","IdPerson":4083},{"DDDParent":21,"PhoneParent":982008200,"NameParent":"Marcio Franco","IdPerson":4072}]

